{"homebrew_version":"2.0.6-22-gcf4511f","used_options":[],"unused_options":[],"built_as_bottle":true,"poured_from_bottle":true,"installed_as_dependency":false,"installed_on_request":true,"changed_files":["bin/sdl2-config","INSTALL_RECEIPT.json","lib/cmake/SDL2/sdl2-config.cmake","lib/pkgconfig/sdl2.pc"],"time":1554804071,"source_modified_time":1540998465,"HEAD":null,"stdlib":null,"compiler":"clang","aliases":[],"runtime_dependencies":[],"source":{"path":"/usr/local/Homebrew/Library/Taps/homebrew/homebrew-core/Formula/sdl2.rb","tap":"homebrew/core","spec":"stable","versions":{"stable":"2.0.9","devel":"","head":"HEAD","version_scheme":0}}}