{"homebrew_version":"1.7.1-304-gb2bfa62","used_options":[],"unused_options":[],"built_as_bottle":true,"poured_from_bottle":true,"installed_as_dependency":false,"installed_on_request":true,"changed_files":["INSTALL_RECEIPT.json","lib/pkgconfig/SDL_ttf.pc"],"time":1556658453,"source_modified_time":1326605657,"HEAD":null,"stdlib":null,"compiler":"clang","aliases":[],"runtime_dependencies":[{"full_name":"libpng","version":"1.6.37"},{"full_name":"freetype","version":"2.10.0"},{"full_name":"sdl","version":"1.2.15"}],"source":{"path":"/usr/local/Homebrew/Library/Taps/homebrew/homebrew-core/Formula/sdl_ttf.rb","tap":"homebrew/core","spec":"stable","versions":{"stable":"2.0.11","devel":"","head":"","version_scheme":0}}}