{"homebrew_version":"1.8.1-6-g5556aba","used_options":[],"unused_options":[],"built_as_bottle":true,"poured_from_bottle":true,"installed_as_dependency":false,"installed_on_request":true,"changed_files":["INSTALL_RECEIPT.json","lib/pkgconfig/SDL2_image.pc"],"time":1557876206,"source_modified_time":1540997951,"HEAD":null,"stdlib":null,"compiler":"clang","aliases":[],"runtime_dependencies":[{"full_name":"jpeg","version":"9c"},{"full_name":"libpng","version":"1.6.37"},{"full_name":"libtiff","version":"4.0.10"},{"full_name":"sdl2","version":"2.0.9"},{"full_name":"webp","version":"1.0.2"}],"source":{"path":"/usr/local/Homebrew/Library/Taps/homebrew/homebrew-core/Formula/sdl2_image.rb","tap":"homebrew/core","spec":"stable","versions":{"stable":"2.0.4","devel":"","head":"","version_scheme":0}}}